"Time","Internet traffic data (in bits) from an ISP. Aggregated traffic in the United Kingdom academic network backbone. It was collected between 19 November 2004, at 09:30 hours and 27 January 2005, at 11:11 hours. Hourly data"
"2004-11-19 09:30:00",64554.479
"2004-11-19 10:30:00",71138.749
"2004-11-19 11:30:00",77253.266
"2004-11-19 12:30:00",77340.78
"2004-11-19 13:30:00",79860.759
"2004-11-19 14:30:00",81103.408
"2004-11-19 15:30:00",75227.56
"2004-11-19 16:30:00",66933.324
"2004-11-19 17:30:00",59458.318
"2004-11-19 18:30:00",55028.968
"2004-11-19 19:30:00",52930.871
"2004-11-19 20:30:00",50795
"2004-11-19 21:30:00",47474.464
"2004-11-19 22:30:00",45387.152
"2004-11-19 23:30:00",48597.693
"2004-11-20 00:30:00",48590.282
"2004-11-20 01:30:00",45276.857
"2004-11-20 02:30:00",42160.261
"2004-11-20 03:30:00",38284.126
"2004-11-20 04:30:00",34675.496
"2004-11-20 05:30:00",32918.12
"2004-11-20 06:30:00",32352.33
"2004-11-20 07:30:00",31597
"2004-11-20 08:30:00",33643.656
"2004-11-20 09:30:00",37522.894
"2004-11-20 10:30:00",41738.583
"2004-11-20 11:30:00",44282.885
"2004-11-20 12:30:00",43803.965
"2004-11-20 13:30:00",46397.152
"2004-11-20 14:30:00",49180.181
"2004-11-20 15:30:00",50711.821
"2004-11-20 16:30:00",49087.589
"2004-11-20 17:30:00",47360.991
"2004-11-20 18:30:00",47937.245
"2004-11-20 19:30:00",47312.699
"2004-11-20 20:30:00",46389.855
"2004-11-20 21:30:00",44270.442
"2004-11-20 22:30:00",42606.649
"2004-11-20 23:30:00",40838.801
"2004-11-21 00:30:00",39294.285
"2004-11-21 01:30:00",37190.987
"2004-11-21 02:30:00",37542.926
"2004-11-21 03:30:00",35328.5
"2004-11-21 04:30:00",26617.164
"2004-11-21 05:30:00",22759.692
"2004-11-21 06:30:00",23044.778
"2004-11-21 07:30:00",22618.117
"2004-11-21 08:30:00",24095.587
"2004-11-21 09:30:00",26096
"2004-11-21 10:30:00",28981.928
"2004-11-21 11:30:00",33023
"2004-11-21 12:30:00",37690.514
"2004-11-21 13:30:00",42192.531
"2004-11-21 14:30:00",47105.179
"2004-11-21 15:30:00",52032.417
"2004-11-21 16:30:00",65306.717
"2004-11-21 17:30:00",70662
"2004-11-21 18:30:00",71307.992
"2004-11-21 19:30:00",72310.856
"2004-11-21 20:30:00",72280
"2004-11-21 21:30:00",70801
"2004-11-21 22:30:00",69972.813
"2004-11-21 23:30:00",67289.282
"2004-11-22 00:30:00",61491.512
"2004-11-22 01:30:00",55463.324
"2004-11-22 02:30:00",49658.133
"2004-11-22 03:30:00",45066.497
"2004-11-22 04:30:00",39938.616
"2004-11-22 05:30:00",37518.327
"2004-11-22 06:30:00",37667.338
"2004-11-22 07:30:00",41410.384
"2004-11-22 08:30:00",59453.567
"2004-11-22 09:30:00",85732.707
"2004-11-22 10:30:00",99485.714
"2004-11-22 11:30:00",109657.701
"2004-11-22 12:30:00",113513.696
"2004-11-22 13:30:00",122772.135
"2004-11-22 14:30:00",122664.463
"2004-11-22 15:30:00",120957.82
"2004-11-22 16:30:00",112710.782
"2004-11-22 17:30:00",102011.78
"2004-11-22 18:30:00",93463.702
"2004-11-22 19:30:00",89273.093
"2004-11-22 20:30:00",84388.795
"2004-11-22 21:30:00",81028.234
"2004-11-22 22:30:00",79151.756
"2004-11-22 23:30:00",75475.127
"2004-11-23 00:30:00",69695.122
"2004-11-23 01:30:00",61426.173
"2004-11-23 02:30:00",55148.967
"2004-11-23 03:30:00",49963.178
"2004-11-23 04:30:00",46288.304
"2004-11-23 05:30:00",43460.824
"2004-11-23 06:30:00",43872
"2004-11-23 07:30:00",46920.245
"2004-11-23 08:30:00",64800.154
"2004-11-23 09:30:00",90777.868
"2004-11-23 10:30:00",102356.462
"2004-11-23 11:30:00",113912.899
"2004-11-23 12:30:00",119409.565
"2004-11-23 13:30:00",125058.79
"2004-11-23 14:30:00",122651.869
"2004-11-23 15:30:00",119779.18
"2004-11-23 16:30:00",107937.658
"2004-11-23 17:30:00",96320.504
"2004-11-23 18:30:00",89288.673
"2004-11-23 19:30:00",84061.54
"2004-11-23 20:30:00",82382.836
"2004-11-23 21:30:00",78535.644
"2004-11-23 22:30:00",80190
"2004-11-23 23:30:00",77015.476
"2004-11-24 00:30:00",72030.651
"2004-11-24 01:30:00",67312.915
"2004-11-24 02:30:00",60855.282
"2004-11-24 03:30:00",55619.246
"2004-11-24 04:30:00",50997.383
"2004-11-24 05:30:00",47565.928
"2004-11-24 06:30:00",45270.163
"2004-11-24 07:30:00",48382.999
"2004-11-24 08:30:00",64916.416
"2004-11-24 09:30:00",91055.529
"2004-11-24 10:30:00",102021.363
"2004-11-24 11:30:00",101453
"2004-11-24 12:30:00",102830.483
"2004-11-24 13:30:00",119116.364
"2004-11-24 14:30:00",106297.849
"2004-11-24 15:30:00",81473.416
"2004-11-24 16:30:00",75003.65
"2004-11-24 17:30:00",67270.899
"2004-11-24 18:30:00",61745.19
"2004-11-24 19:30:00",60069.544
"2004-11-24 20:30:00",55082.136
"2004-11-24 21:30:00",53785.152
"2004-11-24 22:30:00",51820.489
"2004-11-24 23:30:00",49220.787
"2004-11-25 00:30:00",45354.131
"2004-11-25 01:30:00",38464.389
"2004-11-25 02:30:00",34335
"2004-11-25 03:30:00",31852.582
"2004-11-25 04:30:00",28444.123
"2004-11-25 05:30:00",27960.347
"2004-11-25 06:30:00",29380.717
"2004-11-25 07:30:00",32337.982
"2004-11-25 08:30:00",44782.657
"2004-11-25 09:30:00",65160
"2004-11-25 10:30:00",74067.274
"2004-11-25 11:30:00",80437.905
"2004-11-25 12:30:00",80415.565
"2004-11-25 13:30:00",83413.132
"2004-11-25 14:30:00",84793.399
"2004-11-25 15:30:00",81314.995
"2004-11-25 16:30:00",73975.34
"2004-11-25 17:30:00",66554.983
"2004-11-25 18:30:00",61711.489
"2004-11-25 19:30:00",58145.548
"2004-11-25 20:30:00",53628.75
"2004-11-25 21:30:00",51279.196
"2004-11-25 22:30:00",48923.357
"2004-11-25 23:30:00",46283.6
"2004-11-26 00:30:00",42701.972
"2004-11-26 01:30:00",37990.322
"2004-11-26 02:30:00",33373.495
"2004-11-26 03:30:00",30673.197
"2004-11-26 04:30:00",28032.506
"2004-11-26 05:30:00",26527.637
"2004-11-26 06:30:00",26178.832
"2004-11-26 07:30:00",30784.684
"2004-11-26 08:30:00",44053.78
"2004-11-26 09:30:00",62682.285
"2004-11-26 10:30:00",70084.37
"2004-11-26 11:30:00",76064.529
"2004-11-26 12:30:00",74957.997
"2004-11-26 13:30:00",72677.433
"2004-11-26 14:30:00",79244
"2004-11-26 15:30:00",74980.781
"2004-11-26 16:30:00",63487.752
"2004-11-26 17:30:00",54476.09
"2004-11-26 18:30:00",51138.512
"2004-11-26 19:30:00",51265.584
"2004-11-26 20:30:00",49326.515
"2004-11-26 21:30:00",46928.152
"2004-11-26 22:30:00",46398.889
"2004-11-26 23:30:00",44664.737
"2004-11-27 00:30:00",42590.082
"2004-11-27 01:30:00",39372.446
"2004-11-27 02:30:00",36232.874
"2004-11-27 03:30:00",34004.909
"2004-11-27 04:30:00",29333.91
"2004-11-27 05:30:00",28015.092
"2004-11-27 06:30:00",26969.569
"2004-11-27 07:30:00",25728.566
"2004-11-27 08:30:00",27591.345
"2004-11-27 09:30:00",31454.146
"2004-11-27 10:30:00",36188.715
"2004-11-27 11:30:00",39750.059
"2004-11-27 12:30:00",42938.62
"2004-11-27 13:30:00",47159.701
"2004-11-27 14:30:00",48890.799
"2004-11-27 15:30:00",51229.546
"2004-11-27 16:30:00",49557.58
"2004-11-27 17:30:00",48216.642
"2004-11-27 18:30:00",46392.541
"2004-11-27 19:30:00",48494.678
"2004-11-27 20:30:00",45924.987
"2004-11-27 21:30:00",45613.651
"2004-11-27 22:30:00",45172.749
"2004-11-27 23:30:00",45939.239
"2004-11-28 00:30:00",48667.98
"2004-11-28 01:30:00",44866.786
"2004-11-28 02:30:00",40357.237
"2004-11-28 03:30:00",37522.586
"2004-11-28 04:30:00",33910.18
"2004-11-28 05:30:00",28542.996
"2004-11-28 06:30:00",25969.81
"2004-11-28 07:30:00",24802.086
"2004-11-28 08:30:00",25395.482
"2004-11-28 09:30:00",29015.043
"2004-11-28 10:30:00",32984.091
"2004-11-28 11:30:00",39098.793
"2004-11-28 12:30:00",44756.288
"2004-11-28 13:30:00",49035.953
"2004-11-28 14:30:00",53261.755
"2004-11-28 15:30:00",55035.151
"2004-11-28 16:30:00",55287.987
"2004-11-28 17:30:00",54602.434
"2004-11-28 18:30:00",54493.092
"2004-11-28 19:30:00",54553.744
"2004-11-28 20:30:00",54274
"2004-11-28 21:30:00",52619.979
"2004-11-28 22:30:00",51428.509
"2004-11-28 23:30:00",47533.739
"2004-11-29 00:30:00",42460.434
"2004-11-29 01:30:00",37865.331
"2004-11-29 02:30:00",35589.878
"2004-11-29 03:30:00",31999.44
"2004-11-29 04:30:00",29972.202
"2004-11-29 05:30:00",28900.201
"2004-11-29 06:30:00",28501.095
"2004-11-29 07:30:00",32438.902
"2004-11-29 08:30:00",49461.161
"2004-11-29 09:30:00",67889.4
"2004-11-29 10:30:00",75509
"2004-11-29 11:30:00",80523
"2004-11-29 12:30:00",81577.838
"2004-11-29 13:30:00",85024.332
"2004-11-29 14:30:00",86160.165
"2004-11-29 15:30:00",82759.857
"2004-11-29 16:30:00",72696.1
"2004-11-29 17:30:00",64397.93
"2004-11-29 18:30:00",60648
"2004-11-29 19:30:00",58350.27
"2004-11-29 20:30:00",54538.735
"2004-11-29 21:30:00",52054.286
"2004-11-29 22:30:00",48751.066
"2004-11-29 23:30:00",45148.215
"2004-11-30 00:30:00",42130.732
"2004-11-30 01:30:00",36189.368
"2004-11-30 02:30:00",33105.464
"2004-11-30 03:30:00",29913.977
"2004-11-30 04:30:00",27277.185
"2004-11-30 05:30:00",27026.326
"2004-11-30 06:30:00",26245.195
"2004-11-30 07:30:00",32329.168
"2004-11-30 08:30:00",50078.847
"2004-11-30 09:30:00",68732.697
"2004-11-30 10:30:00",75319
"2004-11-30 11:30:00",92221.713
"2004-11-30 12:30:00",100538.752
"2004-11-30 13:30:00",104006.471
"2004-11-30 14:30:00",107104.349
"2004-11-30 15:30:00",103349.576
"2004-11-30 16:30:00",88486.319
"2004-11-30 17:30:00",74831.493
"2004-11-30 18:30:00",74798.91
"2004-11-30 19:30:00",69512.555
"2004-11-30 20:30:00",68124.378
"2004-11-30 21:30:00",66013.225
"2004-11-30 22:30:00",67082.953
"2004-11-30 23:30:00",63436.452
"2004-12-01 00:30:00",58264.328
"2004-12-01 01:30:00",49253.214
"2004-12-01 02:30:00",43793.885
"2004-12-01 03:30:00",39106.299
"2004-12-01 04:30:00",35678.57
"2004-12-01 05:30:00",35011.907
"2004-12-01 06:30:00",30168.753
"2004-12-01 07:30:00",32005.156
"2004-12-01 08:30:00",54237.304
"2004-12-01 09:30:00",80516.668
"2004-12-01 10:30:00",88020.643
"2004-12-01 11:30:00",96246.398
"2004-12-01 12:30:00",97177.838
"2004-12-01 13:30:00",101150.524
"2004-12-01 14:30:00",101657.483
"2004-12-01 15:30:00",95109.579
"2004-12-01 16:30:00",85348.865
"2004-12-01 17:30:00",77682.573
"2004-12-01 18:30:00",75995.082
"2004-12-01 19:30:00",71526.66
"2004-12-01 20:30:00",65109.184
"2004-12-01 21:30:00",63147.478
"2004-12-01 22:30:00",62795.623
"2004-12-01 23:30:00",59416.704
"2004-12-02 00:30:00",55802.401
"2004-12-02 01:30:00",49038
"2004-12-02 02:30:00",44824.18
"2004-12-02 03:30:00",41262.35
"2004-12-02 04:30:00",38502.842
"2004-12-02 05:30:00",36738.184
"2004-12-02 06:30:00",36125.825
"2004-12-02 07:30:00",41135.725
"2004-12-02 08:30:00",65474.571
"2004-12-02 09:30:00",82467.574
"2004-12-02 10:30:00",93079.356
"2004-12-02 11:30:00",102599.388
"2004-12-02 12:30:00",108057.727
"2004-12-02 13:30:00",112837.65
"2004-12-02 14:30:00",111399.188
"2004-12-02 15:30:00",103742.559
"2004-12-02 16:30:00",93405.254
"2004-12-02 17:30:00",86868.704
"2004-12-02 18:30:00",84285.964
"2004-12-02 19:30:00",80778.869
"2004-12-02 20:30:00",78999.243
"2004-12-02 21:30:00",77799.562
"2004-12-02 22:30:00",75494.775
"2004-12-02 23:30:00",74831.129
"2004-12-03 00:30:00",67754.882
"2004-12-03 01:30:00",62394.256
"2004-12-03 02:30:00",56962.353
"2004-12-03 03:30:00",53557.731
"2004-12-03 04:30:00",50272.128
"2004-12-03 05:30:00",48009.547
"2004-12-03 06:30:00",45399.898
"2004-12-03 07:30:00",52307.46
"2004-12-03 08:30:00",70881.884
"2004-12-03 09:30:00",89448
"2004-12-03 10:30:00",80168.813
"2004-12-03 11:30:00",87495.915
"2004-12-03 12:30:00",85857.664
"2004-12-03 13:30:00",90273.327
"2004-12-03 14:30:00",87279.396
"2004-12-03 15:30:00",80299.083
"2004-12-03 16:30:00",67974.606
"2004-12-03 17:30:00",61223.856
"2004-12-03 18:30:00",57414.229
"2004-12-03 19:30:00",56959.325
"2004-12-03 20:30:00",52867
"2004-12-03 21:30:00",52518.324
"2004-12-03 22:30:00",49083.899
"2004-12-03 23:30:00",49012.254
"2004-12-04 00:30:00",43615.802
"2004-12-04 01:30:00",44068.312
"2004-12-04 02:30:00",39605.581
"2004-12-04 03:30:00",37475.36
"2004-12-04 04:30:00",33046.556
"2004-12-04 05:30:00",32713.706
"2004-12-04 06:30:00",29702.747
"2004-12-04 07:30:00",31026.956
"2004-12-04 08:30:00",32024.429
"2004-12-04 09:30:00",37573.582
"2004-12-04 10:30:00",40847.819
"2004-12-04 11:30:00",45148.581
"2004-12-04 12:30:00",48153.846
"2004-12-04 13:30:00",54414.212
"2004-12-04 14:30:00",55386.762
"2004-12-04 15:30:00",58545
"2004-12-04 16:30:00",54325.468
"2004-12-04 17:30:00",56527.491
"2004-12-04 18:30:00",52735.547
"2004-12-04 19:30:00",55192.6
"2004-12-04 20:30:00",52802.947
"2004-12-04 21:30:00",53506.146
"2004-12-04 22:30:00",51269.499
"2004-12-04 23:30:00",50421.739
"2004-12-05 00:30:00",47555.374
"2004-12-05 01:30:00",43531.916
"2004-12-05 02:30:00",42098.476
"2004-12-05 03:30:00",35893.256
"2004-12-05 04:30:00",34565.454
"2004-12-05 05:30:00",29827.05
"2004-12-05 06:30:00",30631.979
"2004-12-05 07:30:00",28932.115
"2004-12-05 08:30:00",31481.864
"2004-12-05 09:30:00",33070.414
"2004-12-05 10:30:00",38476.669
"2004-12-05 11:30:00",44300.867
"2004-12-05 12:30:00",49149.844
"2004-12-05 13:30:00",52912.078
"2004-12-05 14:30:00",57696.298
"2004-12-05 15:30:00",57669.484
"2004-12-05 16:30:00",58079.9
"2004-12-05 17:30:00",56645.24
"2004-12-05 18:30:00",56181.065
"2004-12-05 19:30:00",55270
"2004-12-05 20:30:00",53634.613
"2004-12-05 21:30:00",54419.289
"2004-12-05 22:30:00",53052.114
"2004-12-05 23:30:00",50954.808
"2004-12-06 00:30:00",45809.101
"2004-12-06 01:30:00",40245
"2004-12-06 02:30:00",36423.172
"2004-12-06 03:30:00",32862.705
"2004-12-06 04:30:00",30332.592
"2004-12-06 05:30:00",29028.572
"2004-12-06 06:30:00",28847.186
"2004-12-06 07:30:00",33673.148
"2004-12-06 08:30:00",55223.242
"2004-12-06 09:30:00",72266.964
"2004-12-06 10:30:00",80883.772
"2004-12-06 11:30:00",87918.214
"2004-12-06 12:30:00",89166
"2004-12-06 13:30:00",91226
"2004-12-06 14:30:00",91778.493
"2004-12-06 15:30:00",85757.243
"2004-12-06 16:30:00",78133.241
"2004-12-06 17:30:00",69761.898
"2004-12-06 18:30:00",66419.685
"2004-12-06 19:30:00",61680.725
"2004-12-06 20:30:00",58289.419
"2004-12-06 21:30:00",55792.679
"2004-12-06 22:30:00",54811.306
"2004-12-06 23:30:00",50043.82
"2004-12-07 00:30:00",45475.842
"2004-12-07 01:30:00",41406.626
"2004-12-07 02:30:00",38624.771
"2004-12-07 03:30:00",33913.828
"2004-12-07 04:30:00",30401.173
"2004-12-07 05:30:00",29635.565
"2004-12-07 06:30:00",29031.481
"2004-12-07 07:30:00",32506.156
"2004-12-07 08:30:00",53181.102
"2004-12-07 09:30:00",70535.251
"2004-12-07 10:30:00",80362.217
"2004-12-07 11:30:00",86554.128
"2004-12-07 12:30:00",87539.785
"2004-12-07 13:30:00",90532.853
"2004-12-07 14:30:00",91474.874
"2004-12-07 15:30:00",84942.878
"2004-12-07 16:30:00",73482.245
"2004-12-07 17:30:00",65249.946
"2004-12-07 18:30:00",64664.419
"2004-12-07 19:30:00",60923.59
"2004-12-07 20:30:00",56993.531
"2004-12-07 21:30:00",54305.582
"2004-12-07 22:30:00",51523.252
"2004-12-07 23:30:00",49976.226
"2004-12-08 00:30:00",45549.591
"2004-12-08 01:30:00",40666.044
"2004-12-08 02:30:00",35652.233
"2004-12-08 03:30:00",31671
"2004-12-08 04:30:00",29047.436
"2004-12-08 05:30:00",26784.373
"2004-12-08 06:30:00",26418.377
"2004-12-08 07:30:00",31950.551
"2004-12-08 08:30:00",51543.423
"2004-12-08 09:30:00",68466.515
"2004-12-08 10:30:00",77996.542
"2004-12-08 11:30:00",84568.374
"2004-12-08 12:30:00",83362.625
"2004-12-08 13:30:00",92336.437
"2004-12-08 14:30:00",90560.842
"2004-12-08 15:30:00",83445.856
"2004-12-08 16:30:00",74962.686
"2004-12-08 17:30:00",67144.745
"2004-12-08 18:30:00",63641.43
"2004-12-08 19:30:00",60730.077
"2004-12-08 20:30:00",57745.563
"2004-12-08 21:30:00",54525.292
"2004-12-08 22:30:00",51384.208
"2004-12-08 23:30:00",49264
"2004-12-09 00:30:00",44518.666
"2004-12-09 01:30:00",40001.411
"2004-12-09 02:30:00",37012.245
"2004-12-09 03:30:00",34134.165
"2004-12-09 04:30:00",30817.483
"2004-12-09 05:30:00",28610.709
"2004-12-09 06:30:00",28921.142
"2004-12-09 07:30:00",34124.636
"2004-12-09 08:30:00",54369.52
"2004-12-09 09:30:00",72559.595
"2004-12-09 10:30:00",79603.365
"2004-12-09 11:30:00",87629.284
"2004-12-09 12:30:00",87152.603
"2004-12-09 13:30:00",93420.954
"2004-12-09 14:30:00",94073.645
"2004-12-09 15:30:00",85660.864
"2004-12-09 16:30:00",74872.933
"2004-12-09 17:30:00",66375.726
"2004-12-09 18:30:00",62939.188
"2004-12-09 19:30:00",62600.85
"2004-12-09 20:30:00",58782.182
"2004-12-09 21:30:00",56805.86
"2004-12-09 22:30:00",54459.797
"2004-12-09 23:30:00",50150.238
"2004-12-10 00:30:00",44525.686
"2004-12-10 01:30:00",41474.054
"2004-12-10 02:30:00",39190.31
"2004-12-10 03:30:00",36423.637
"2004-12-10 04:30:00",35010.504
"2004-12-10 05:30:00",35310.084
"2004-12-10 06:30:00",35726.683
"2004-12-10 07:30:00",40796.188
"2004-12-10 08:30:00",59539.977
"2004-12-10 09:30:00",77516.517
"2004-12-10 10:30:00",85855.956
"2004-12-10 11:30:00",92292.472
"2004-12-10 12:30:00",90515.584
"2004-12-10 13:30:00",93223.162
"2004-12-10 14:30:00",92415.43
"2004-12-10 15:30:00",84355.206
"2004-12-10 16:30:00",75752.371
"2004-12-10 17:30:00",67520
"2004-12-10 18:30:00",64695.361
"2004-12-10 19:30:00",60892.144
"2004-12-10 20:30:00",57914.256
"2004-12-10 21:30:00",53136.779
"2004-12-10 22:30:00",51770.21
"2004-12-10 23:30:00",50281.995
"2004-12-11 00:30:00",46538.44
"2004-12-11 01:30:00",42618.367
"2004-12-11 02:30:00",39521.851
"2004-12-11 03:30:00",35830.231
"2004-12-11 04:30:00",32806.894
"2004-12-11 05:30:00",30951.491
"2004-12-11 06:30:00",29855.901
"2004-12-11 07:30:00",29966.829
"2004-12-11 08:30:00",31805.162
"2004-12-11 09:30:00",34528.609
"2004-12-11 10:30:00",38559.238
"2004-12-11 11:30:00",42701.325
"2004-12-11 12:30:00",45711.781
"2004-12-11 13:30:00",50264.924
"2004-12-11 14:30:00",53492.441
"2004-12-11 15:30:00",54346.654
"2004-12-11 16:30:00",52282.914
"2004-12-11 17:30:00",50309.922
"2004-12-11 18:30:00",50900.305
"2004-12-11 19:30:00",52256.601
"2004-12-11 20:30:00",50330.869
"2004-12-11 21:30:00",49473.237
"2004-12-11 22:30:00",48249.176
"2004-12-11 23:30:00",46865
"2004-12-12 00:30:00",43687.721
"2004-12-12 01:30:00",41033.959
"2004-12-12 02:30:00",38032.974
"2004-12-12 03:30:00",35908.911
"2004-12-12 04:30:00",31592.429
"2004-12-12 05:30:00",28955.842
"2004-12-12 06:30:00",28677.878
"2004-12-12 07:30:00",28201.572
"2004-12-12 08:30:00",28829.847
"2004-12-12 09:30:00",28703.719
"2004-12-12 10:30:00",32662.607
"2004-12-12 11:30:00",37707.642
"2004-12-12 12:30:00",42564.133
"2004-12-12 13:30:00",46889.935
"2004-12-12 14:30:00",49070.403
"2004-12-12 15:30:00",52395.337
"2004-12-12 16:30:00",55136.823
"2004-12-12 17:30:00",54640.378
"2004-12-12 18:30:00",54671.148
"2004-12-12 19:30:00",55312.79
"2004-12-12 20:30:00",53356.312
"2004-12-12 21:30:00",51979.359
"2004-12-12 22:30:00",50311.982
"2004-12-12 23:30:00",46292.13
"2004-12-13 00:30:00",43253.362
"2004-12-13 01:30:00",40307.044
"2004-12-13 02:30:00",37171.708
"2004-12-13 03:30:00",33305.231
"2004-12-13 04:30:00",30880.803
"2004-12-13 05:30:00",29176.601
"2004-12-13 06:30:00",29477.058
"2004-12-13 07:30:00",33781.549
"2004-12-13 08:30:00",55709.826
"2004-12-13 09:30:00",72836.521
"2004-12-13 10:30:00",79390.304
"2004-12-13 11:30:00",83847.998
"2004-12-13 12:30:00",82586.886
"2004-12-13 13:30:00",89311.474
"2004-12-13 14:30:00",90090.834
"2004-12-13 15:30:00",83655.373
"2004-12-13 16:30:00",75037.801
"2004-12-13 17:30:00",64345.928
"2004-12-13 18:30:00",60905.762
"2004-12-13 19:30:00",57935.254
"2004-12-13 20:30:00",54901.754
"2004-12-13 21:30:00",53220.186
"2004-12-13 22:30:00",53116.73
"2004-12-13 23:30:00",48399
"2004-12-14 00:30:00",44900.407
"2004-12-14 01:30:00",41647.11
"2004-12-14 02:30:00",38520.385
"2004-12-14 03:30:00",36196.677
"2004-12-14 04:30:00",33423.14
"2004-12-14 05:30:00",32938.343
"2004-12-14 06:30:00",28815.322
"2004-12-14 07:30:00",33304.282
"2004-12-14 08:30:00",53794.599
"2004-12-14 09:30:00",72324.902
"2004-12-14 10:30:00",80303.875
"2004-12-14 11:30:00",85672.821
"2004-12-14 12:30:00",83661
"2004-12-14 13:30:00",88313.678
"2004-12-14 14:30:00",91323.957
"2004-12-14 15:30:00",85076.436
"2004-12-14 16:30:00",73140.546
"2004-12-14 17:30:00",64014.123
"2004-12-14 18:30:00",60864.796
"2004-12-14 19:30:00",57203.41
"2004-12-14 20:30:00",55244.68
"2004-12-14 21:30:00",52074.34
"2004-12-14 22:30:00",50279.168
"2004-12-14 23:30:00",49256.589
"2004-12-15 00:30:00",44207.153
"2004-12-15 01:30:00",40711.075
"2004-12-15 02:30:00",36846.248
"2004-12-15 03:30:00",31198.652
"2004-12-15 04:30:00",27474.118
"2004-12-15 05:30:00",26454.972
"2004-12-15 06:30:00",25532.123
"2004-12-15 07:30:00",31036.272
"2004-12-15 08:30:00",50650
"2004-12-15 09:30:00",68305.559
"2004-12-15 10:30:00",75805.898
"2004-12-15 11:30:00",79526.782
"2004-12-15 12:30:00",76540.695
"2004-12-15 13:30:00",81551.427
"2004-12-15 14:30:00",80618.849
"2004-12-15 15:30:00",73336.401
"2004-12-15 16:30:00",63554
"2004-12-15 17:30:00",55092.606
"2004-12-15 18:30:00",52813.306
"2004-12-15 19:30:00",50660.787
"2004-12-15 20:30:00",47754.179
"2004-12-15 21:30:00",45399.997
"2004-12-15 22:30:00",44384.668
"2004-12-15 23:30:00",42154.161
"2004-12-16 00:30:00",38311.938
"2004-12-16 01:30:00",34952.713
"2004-12-16 02:30:00",30711.805
"2004-12-16 03:30:00",27493.618
"2004-12-16 04:30:00",25398.265
"2004-12-16 05:30:00",24573.88
"2004-12-16 06:30:00",23953.868
"2004-12-16 07:30:00",30497.844
"2004-12-16 08:30:00",51378.822
"2004-12-16 09:30:00",69994.205
"2004-12-16 10:30:00",74193.284
"2004-12-16 11:30:00",77678.268
"2004-12-16 12:30:00",75699.176
"2004-12-16 13:30:00",79756.129
"2004-12-16 14:30:00",79761.117
"2004-12-16 15:30:00",73637
"2004-12-16 16:30:00",62498.87
"2004-12-16 17:30:00",55072.861
"2004-12-16 18:30:00",54448.863
"2004-12-16 19:30:00",50863.806
"2004-12-16 20:30:00",49944.891
"2004-12-16 21:30:00",48313.887
"2004-12-16 22:30:00",45433.639
"2004-12-16 23:30:00",46743.778
"2004-12-17 00:30:00",43379.557
"2004-12-17 01:30:00",39902.47
"2004-12-17 02:30:00",35692.36
"2004-12-17 03:30:00",30818.634
"2004-12-17 04:30:00",31599.945
"2004-12-17 05:30:00",27567.438
"2004-12-17 06:30:00",28136.723
"2004-12-17 07:30:00",33631.969
"2004-12-17 08:30:00",49471.286
"2004-12-17 09:30:00",64139.679
"2004-12-17 10:30:00",70816.209
"2004-12-17 11:30:00",72766.914
"2004-12-17 12:30:00",68427.757
"2004-12-17 13:30:00",68818.332
"2004-12-17 14:30:00",68556.788
"2004-12-17 15:30:00",62721.553
"2004-12-17 16:30:00",53987.602
"2004-12-17 17:30:00",48479.403
"2004-12-17 18:30:00",42758
"2004-12-17 19:30:00",42220.28
"2004-12-17 20:30:00",38303.626
"2004-12-17 21:30:00",36347.35
"2004-12-17 22:30:00",37033.163
"2004-12-17 23:30:00",34643.117
"2004-12-18 00:30:00",34068.865
"2004-12-18 01:30:00",30985.26
"2004-12-18 02:30:00",29025
"2004-12-18 03:30:00",27472.894
"2004-12-18 04:30:00",24427.68
"2004-12-18 05:30:00",24529.743
"2004-12-18 06:30:00",21979.348
"2004-12-18 07:30:00",24037.561
"2004-12-18 08:30:00",25360.966
"2004-12-18 09:30:00",26291.493
"2004-12-18 10:30:00",31008.233
"2004-12-18 11:30:00",31011.534
"2004-12-18 12:30:00",35254.869
"2004-12-18 13:30:00",35150.481
"2004-12-18 14:30:00",37300.231
"2004-12-18 15:30:00",38076.429
"2004-12-18 16:30:00",37752.21
"2004-12-18 17:30:00",37177.528
"2004-12-18 18:30:00",35015.099
"2004-12-18 19:30:00",37228.588
"2004-12-18 20:30:00",34992
"2004-12-18 21:30:00",35011.088
"2004-12-18 22:30:00",34800.127
"2004-12-18 23:30:00",32280.437
"2004-12-19 00:30:00",33392.89
"2004-12-19 01:30:00",29156.642
"2004-12-19 02:30:00",26090
"2004-12-19 03:30:00",27186.725
"2004-12-19 04:30:00",22875.955
"2004-12-19 05:30:00",23709.858
"2004-12-19 06:30:00",21917.519
"2004-12-19 07:30:00",21782.322
"2004-12-19 08:30:00",23156.664
"2004-12-19 09:30:00",24021.871
"2004-12-19 10:30:00",27853.05
"2004-12-19 11:30:00",28611.285
"2004-12-19 12:30:00",32932.49
"2004-12-19 13:30:00",31245.961
"2004-12-19 14:30:00",36040.11
"2004-12-19 15:30:00",34510.436
"2004-12-19 16:30:00",36601.457
"2004-12-19 17:30:00",32838.846
"2004-12-19 18:30:00",37653.087
"2004-12-19 19:30:00",33750.114
"2004-12-19 20:30:00",36951.304
"2004-12-19 21:30:00",35758.709
"2004-12-19 22:30:00",32441.922
"2004-12-19 23:30:00",30715.372
"2004-12-20 00:30:00",28830.639
"2004-12-20 01:30:00",26542.743
"2004-12-20 02:30:00",26224.939
"2004-12-20 03:30:00",23487.26
"2004-12-20 04:30:00",20869.443
"2004-12-20 05:30:00",19798.781
"2004-12-20 06:30:00",19097.233
"2004-12-20 07:30:00",23428.666
"2004-12-20 08:30:00",37113.117
"2004-12-20 09:30:00",51213.063
"2004-12-20 10:30:00",55277.663
"2004-12-20 11:30:00",61563.381
"2004-12-20 12:30:00",57839.506
"2004-12-20 13:30:00",62107.361
"2004-12-20 14:30:00",62452.658
"2004-12-20 15:30:00",57675.478
"2004-12-20 16:30:00",49158
"2004-12-20 17:30:00",43284.815
"2004-12-20 18:30:00",37339
"2004-12-20 19:30:00",37805.555
"2004-12-20 20:30:00",36243.734
"2004-12-20 21:30:00",37187.259
"2004-12-20 22:30:00",32884.517
"2004-12-20 23:30:00",33438.259
"2004-12-21 00:30:00",29468.713
"2004-12-21 01:30:00",29721.561
"2004-12-21 02:30:00",25637.167
"2004-12-21 03:30:00",25900.079
"2004-12-21 04:30:00",21456.617
"2004-12-21 05:30:00",22950.387
"2004-12-21 06:30:00",20403.919
"2004-12-21 07:30:00",26631.836
"2004-12-21 08:30:00",36782.57
"2004-12-21 09:30:00",50708.243
"2004-12-21 10:30:00",51507.191
"2004-12-21 11:30:00",58424.218
"2004-12-21 12:30:00",52840.301
"2004-12-21 13:30:00",59090.644
"2004-12-21 14:30:00",59571.861
"2004-12-21 15:30:00",52964.543
"2004-12-21 16:30:00",46270.417
"2004-12-21 17:30:00",36645.329
"2004-12-21 18:30:00",35733.083
"2004-12-21 19:30:00",33247.389
"2004-12-21 20:30:00",33239.894
"2004-12-21 21:30:00",33710.261
"2004-12-21 22:30:00",31312.26
"2004-12-21 23:30:00",30134.751
"2004-12-22 00:30:00",28624.124
"2004-12-22 01:30:00",25512.056
"2004-12-22 02:30:00",25495
"2004-12-22 03:30:00",21786.739
"2004-12-22 04:30:00",20951.45
"2004-12-22 05:30:00",19712.331
"2004-12-22 06:30:00",18701.43
"2004-12-22 07:30:00",23591.531
"2004-12-22 08:30:00",35423.737
"2004-12-22 09:30:00",44136.146
"2004-12-22 10:30:00",47695.237
"2004-12-22 11:30:00",47137.829
"2004-12-22 12:30:00",46683.674
"2004-12-22 13:30:00",47433.098
"2004-12-22 14:30:00",50014.865
"2004-12-22 15:30:00",46478.613
"2004-12-22 16:30:00",39609.965
"2004-12-22 17:30:00",35301.357
"2004-12-22 18:30:00",33985.428
"2004-12-22 19:30:00",34710.874
"2004-12-22 20:30:00",32660.628
"2004-12-22 21:30:00",33871.396
"2004-12-22 22:30:00",30761.781
"2004-12-22 23:30:00",30199.081
"2004-12-23 00:30:00",27877.183
"2004-12-23 01:30:00",24632.627
"2004-12-23 02:30:00",23710.409
"2004-12-23 03:30:00",20482.301
"2004-12-23 04:30:00",17392.248
"2004-12-23 05:30:00",18204.666
"2004-12-23 06:30:00",16945.357
"2004-12-23 07:30:00",18923.79
"2004-12-23 08:30:00",26469.404
"2004-12-23 09:30:00",32930.715
"2004-12-23 10:30:00",36777.726
"2004-12-23 11:30:00",37958.727
"2004-12-23 12:30:00",37925.079
"2004-12-23 13:30:00",39971.221
"2004-12-23 14:30:00",40344.584
"2004-12-23 15:30:00",37008.785
"2004-12-23 16:30:00",30729.976
"2004-12-23 17:30:00",28009
"2004-12-23 18:30:00",26971.9
"2004-12-23 19:30:00",27949.213
"2004-12-23 20:30:00",27066.488
"2004-12-23 21:30:00",26401.058
"2004-12-23 22:30:00",25821.855
"2004-12-23 23:30:00",24671.569
"2004-12-24 00:30:00",22633.353
"2004-12-24 01:30:00",21251
"2004-12-24 02:30:00",20521.92
"2004-12-24 03:30:00",18799.412
"2004-12-24 04:30:00",17496.172
"2004-12-24 05:30:00",16064.053
"2004-12-24 06:30:00",15887.429
"2004-12-24 07:30:00",17293.749
"2004-12-24 08:30:00",21540.954
"2004-12-24 09:30:00",24396.656
"2004-12-24 10:30:00",26817.559
"2004-12-24 11:30:00",26400.552
"2004-12-24 12:30:00",24812.899
"2004-12-24 13:30:00",24986.429
"2004-12-24 14:30:00",24604.676
"2004-12-24 15:30:00",22802
"2004-12-24 16:30:00",22827.461
"2004-12-24 17:30:00",22535.165
"2004-12-24 18:30:00",21558.418
"2004-12-24 19:30:00",20892.179
"2004-12-24 20:30:00",20476.839
"2004-12-24 21:30:00",20362.385
"2004-12-24 22:30:00",20327.912
"2004-12-24 23:30:00",19343.392
"2004-12-25 00:30:00",19172.282
"2004-12-25 01:30:00",19308.177
"2004-12-25 02:30:00",18235.216
"2004-12-25 03:30:00",17360.129
"2004-12-25 04:30:00",15575.546
"2004-12-25 05:30:00",14152.229
"2004-12-25 06:30:00",14173.574
"2004-12-25 07:30:00",15184.257
"2004-12-25 08:30:00",21113.77
"2004-12-25 09:30:00",22428.722
"2004-12-25 10:30:00",24044.638
"2004-12-25 11:30:00",24845.329
"2004-12-25 12:30:00",25715.038
"2004-12-25 13:30:00",26736.956
"2004-12-25 14:30:00",27779.443
"2004-12-25 15:30:00",28273.879
"2004-12-25 16:30:00",28976.265
"2004-12-25 17:30:00",28739.676
"2004-12-25 18:30:00",28455
"2004-12-25 19:30:00",28431.898
"2004-12-25 20:30:00",28827.161
"2004-12-25 21:30:00",27726.662
"2004-12-25 22:30:00",27933.401
"2004-12-25 23:30:00",27631.764
"2004-12-26 00:30:00",26679.653
"2004-12-26 01:30:00",25649.063
"2004-12-26 02:30:00",24691.263
"2004-12-26 03:30:00",24209.626
"2004-12-26 04:30:00",23880.931
"2004-12-26 05:30:00",22541.622
"2004-12-26 06:30:00",21776.712
"2004-12-26 07:30:00",21336.543
"2004-12-26 08:30:00",21393.846
"2004-12-26 09:30:00",22726.821
"2004-12-26 10:30:00",23928.407
"2004-12-26 11:30:00",24331.993
"2004-12-26 12:30:00",20298.579
"2004-12-26 13:30:00",18775.397
"2004-12-26 14:30:00",19348.032
"2004-12-26 15:30:00",20638.221
"2004-12-26 16:30:00",22230.216
"2004-12-26 17:30:00",21667.737
"2004-12-26 18:30:00",23316.099
"2004-12-26 19:30:00",22862.054
"2004-12-26 20:30:00",23406.881
"2004-12-26 21:30:00",22697.629
"2004-12-26 22:30:00",22619.467
"2004-12-26 23:30:00",22160.219
"2004-12-27 00:30:00",20476.11
"2004-12-27 01:30:00",19904.388
"2004-12-27 02:30:00",17994.467
"2004-12-27 03:30:00",16211.57
"2004-12-27 04:30:00",15064.067
"2004-12-27 05:30:00",14051.746
"2004-12-27 06:30:00",13486.742
"2004-12-27 07:30:00",13983.505
"2004-12-27 08:30:00",14715.408
"2004-12-27 09:30:00",16112.639
"2004-12-27 10:30:00",16822.193
"2004-12-27 11:30:00",18654.718
"2004-12-27 12:30:00",19229.026
"2004-12-27 13:30:00",20141.381
"2004-12-27 14:30:00",21200.782
"2004-12-27 15:30:00",21890.387
"2004-12-27 16:30:00",22225.133
"2004-12-27 17:30:00",22939.522
"2004-12-27 18:30:00",23633.145
"2004-12-27 19:30:00",23304.475
"2004-12-27 20:30:00",23417.832
"2004-12-27 21:30:00",22635.135
"2004-12-27 22:30:00",22240.119
"2004-12-27 23:30:00",21501.034
"2004-12-28 00:30:00",20152
"2004-12-28 01:30:00",18642.491
"2004-12-28 02:30:00",17647.022
"2004-12-28 03:30:00",15913.847
"2004-12-28 04:30:00",14536.836
"2004-12-28 05:30:00",13743.076
"2004-12-28 06:30:00",13321.255
"2004-12-28 07:30:00",14209.925
"2004-12-28 08:30:00",14941.593
"2004-12-28 09:30:00",16298.652
"2004-12-28 10:30:00",18673.34
"2004-12-28 11:30:00",21439.633
"2004-12-28 12:30:00",23718.683
"2004-12-28 13:30:00",23734.571
"2004-12-28 14:30:00",24990.919
"2004-12-28 15:30:00",25603.185
"2004-12-28 16:30:00",24600.696
"2004-12-28 17:30:00",25684.423
"2004-12-28 18:30:00",27233.76
"2004-12-28 19:30:00",27314.167
"2004-12-28 20:30:00",26203.323
"2004-12-28 21:30:00",25719.303
"2004-12-28 22:30:00",24921.438
"2004-12-28 23:30:00",24970.121
"2004-12-29 00:30:00",23696.543
"2004-12-29 01:30:00",22344.462
"2004-12-29 02:30:00",20946.821
"2004-12-29 03:30:00",19607
"2004-12-29 04:30:00",17946.641
"2004-12-29 05:30:00",17525.998
"2004-12-29 06:30:00",17418.067
"2004-12-29 07:30:00",17959.679
"2004-12-29 08:30:00",19334.402
"2004-12-29 09:30:00",21867.126
"2004-12-29 10:30:00",24377.758
"2004-12-29 11:30:00",26851.249
"2004-12-29 12:30:00",27849
"2004-12-29 13:30:00",30094.446
"2004-12-29 14:30:00",30372.342
"2004-12-29 15:30:00",28899.462
"2004-12-29 16:30:00",28352.619
"2004-12-29 17:30:00",28100.605
"2004-12-29 18:30:00",28215.075
"2004-12-29 19:30:00",27934.238
"2004-12-29 20:30:00",27383.755
"2004-12-29 21:30:00",27738.863
"2004-12-29 22:30:00",28204.727
"2004-12-29 23:30:00",26286.573
"2004-12-30 00:30:00",24352.96
"2004-12-30 01:30:00",22965.429
"2004-12-30 02:30:00",22478.5
"2004-12-30 03:30:00",19878.323
"2004-12-30 04:30:00",18504.505
"2004-12-30 05:30:00",17322.695
"2004-12-30 06:30:00",16273.429
"2004-12-30 07:30:00",16296.631
"2004-12-30 08:30:00",18311.14
"2004-12-30 09:30:00",21070.061
"2004-12-30 10:30:00",23790.386
"2004-12-30 11:30:00",23778.621
"2004-12-30 12:30:00",25567.235
"2004-12-30 13:30:00",27734.565
"2004-12-30 14:30:00",28055.149
"2004-12-30 15:30:00",28079.657
"2004-12-30 16:30:00",27576.117
"2004-12-30 17:30:00",28270.9
"2004-12-30 18:30:00",27378.473
"2004-12-30 19:30:00",26483.674
"2004-12-30 20:30:00",27544.475
"2004-12-30 21:30:00",27030.959
"2004-12-30 22:30:00",26585.669
"2004-12-30 23:30:00",26611.222
"2004-12-31 00:30:00",24389.69
"2004-12-31 01:30:00",22038.8
"2004-12-31 02:30:00",21501.086
"2004-12-31 03:30:00",19083.093
"2004-12-31 04:30:00",18215.985
"2004-12-31 05:30:00",17021.088
"2004-12-31 06:30:00",15807.881
"2004-12-31 07:30:00",16374.761
"2004-12-31 08:30:00",17422.672
"2004-12-31 09:30:00",19861.057
"2004-12-31 10:30:00",22401.844
"2004-12-31 11:30:00",23639.306
"2004-12-31 12:30:00",24356.721
"2004-12-31 13:30:00",25165.505
"2004-12-31 14:30:00",25465.093
"2004-12-31 15:30:00",26454.851
"2004-12-31 16:30:00",25020.643
"2004-12-31 17:30:00",23902.1
"2004-12-31 18:30:00",23502.631
"2004-12-31 19:30:00",22863.664
"2004-12-31 20:30:00",21647.46
"2004-12-31 21:30:00",21278.565
"2004-12-31 22:30:00",20755.185
"2004-12-31 23:30:00",20180.995
"2005-01-01 00:30:00",19797.134
"2005-01-01 01:30:00",18850.124
"2005-01-01 02:30:00",18190.986
"2005-01-01 03:30:00",16869.629
"2005-01-01 04:30:00",15704.14
"2005-01-01 05:30:00",14784.621
"2005-01-01 06:30:00",13976.59
"2005-01-01 07:30:00",14012.651
"2005-01-01 08:30:00",14051.664
"2005-01-01 09:30:00",14764.426
"2005-01-01 10:30:00",15900.625
"2005-01-01 11:30:00",17985.56
"2005-01-01 12:30:00",20102.603
"2005-01-01 13:30:00",22012.264
"2005-01-01 14:30:00",22828.645
"2005-01-01 15:30:00",24594.295
"2005-01-01 16:30:00",25318.781
"2005-01-01 17:30:00",24799.757
"2005-01-01 18:30:00",26044.47
"2005-01-01 19:30:00",25734.557
"2005-01-01 20:30:00",26225.869
"2005-01-01 21:30:00",25705.881
"2005-01-01 22:30:00",26067.559
"2005-01-01 23:30:00",25751.947
"2005-01-02 00:30:00",23849.388
"2005-01-02 01:30:00",21562.882
"2005-01-02 02:30:00",20420.515
"2005-01-02 03:30:00",19032.913
"2005-01-02 04:30:00",17862.727
"2005-01-02 05:30:00",16548.415
"2005-01-02 06:30:00",16170.455
"2005-01-02 07:30:00",15980.663
"2005-01-02 08:30:00",16184.791
"2005-01-02 09:30:00",18150.363
"2005-01-02 10:30:00",19275.639
"2005-01-02 11:30:00",20394.194
"2005-01-02 12:30:00",22101.955
"2005-01-02 13:30:00",24495.611
"2005-01-02 14:30:00",26081.455
"2005-01-02 15:30:00",26150.426
"2005-01-02 16:30:00",27837.682
"2005-01-02 17:30:00",27521.403
"2005-01-02 18:30:00",26461.159
"2005-01-02 19:30:00",26606.654
"2005-01-02 20:30:00",27233.506
"2005-01-02 21:30:00",27635.365
"2005-01-02 22:30:00",26539.796
"2005-01-02 23:30:00",25321.249
"2005-01-03 00:30:00",23790.448
"2005-01-03 01:30:00",22250.555
"2005-01-03 02:30:00",21003.252
"2005-01-03 03:30:00",19804.819
"2005-01-03 04:30:00",17871.791
"2005-01-03 05:30:00",17230.231
"2005-01-03 06:30:00",16807.655
"2005-01-03 07:30:00",16693.351
"2005-01-03 08:30:00",16996.88
"2005-01-03 09:30:00",19416.103
"2005-01-03 10:30:00",22224.552
"2005-01-03 11:30:00",23807.755
"2005-01-03 12:30:00",25446.967
"2005-01-03 13:30:00",27278.762
"2005-01-03 14:30:00",29072.368
"2005-01-03 15:30:00",30504.295
"2005-01-03 16:30:00",30682.671
"2005-01-03 17:30:00",30168.187
"2005-01-03 18:30:00",29858.978
"2005-01-03 19:30:00",28894.814
"2005-01-03 20:30:00",28499.38
"2005-01-03 21:30:00",28814.225
"2005-01-03 22:30:00",27101.334
"2005-01-03 23:30:00",26732.078
"2005-01-04 00:30:00",24864.067
"2005-01-04 01:30:00",22244.838
"2005-01-04 02:30:00",20747
"2005-01-04 03:30:00",18484.26
"2005-01-04 04:30:00",16768.052
"2005-01-04 05:30:00",16424.572
"2005-01-04 06:30:00",15742.976
"2005-01-04 07:30:00",18206.641
"2005-01-04 08:30:00",27849.805
"2005-01-04 09:30:00",35989.396
"2005-01-04 10:30:00",39735.391
"2005-01-04 11:30:00",44037.765
"2005-01-04 12:30:00",46568.684
"2005-01-04 13:30:00",48831.337
"2005-01-04 14:30:00",50967.072
"2005-01-04 15:30:00",48968.153
"2005-01-04 16:30:00",42708.239
"2005-01-04 17:30:00",37191.451
"2005-01-04 18:30:00",34996.864
"2005-01-04 19:30:00",35480.443
"2005-01-04 20:30:00",33813.369
"2005-01-04 21:30:00",30848.775
"2005-01-04 22:30:00",29975.598
"2005-01-04 23:30:00",29963.9
"2005-01-05 00:30:00",27607.799
"2005-01-05 01:30:00",24792.159
"2005-01-05 02:30:00",23303.716
"2005-01-05 03:30:00",20890.733
"2005-01-05 04:30:00",18515.384
"2005-01-05 05:30:00",18331.986
"2005-01-05 06:30:00",18569.849
"2005-01-05 07:30:00",22750
"2005-01-05 08:30:00",37968.274
"2005-01-05 09:30:00",50746.821
"2005-01-05 10:30:00",57359.305
"2005-01-05 11:30:00",62248.807
"2005-01-05 12:30:00",63315.952
"2005-01-05 13:30:00",65428.424
"2005-01-05 14:30:00",65532.986
"2005-01-05 15:30:00",62734.525
"2005-01-05 16:30:00",52272.378
"2005-01-05 17:30:00",43950.101
"2005-01-05 18:30:00",42766.869
"2005-01-05 19:30:00",40088.315
"2005-01-05 20:30:00",37992.814
"2005-01-05 21:30:00",37914.25
"2005-01-05 22:30:00",36212.272
"2005-01-05 23:30:00",35050.596
"2005-01-06 00:30:00",31179.654
"2005-01-06 01:30:00",27818.518
"2005-01-06 02:30:00",26068.776
"2005-01-06 03:30:00",23589.525
"2005-01-06 04:30:00",21468.305
"2005-01-06 05:30:00",20843.14
"2005-01-06 06:30:00",20406.704
"2005-01-06 07:30:00",25379
"2005-01-06 08:30:00",41403
"2005-01-06 09:30:00",53865.354
"2005-01-06 10:30:00",58150.838
"2005-01-06 11:30:00",63871.607
"2005-01-06 12:30:00",65286
"2005-01-06 13:30:00",71860.86
"2005-01-06 14:30:00",70495.547
"2005-01-06 15:30:00",65613.89
"2005-01-06 16:30:00",53550.737
"2005-01-06 17:30:00",44919.742
"2005-01-06 18:30:00",43110.453
"2005-01-06 19:30:00",39991.752
"2005-01-06 20:30:00",39543.973
"2005-01-06 21:30:00",38222
"2005-01-06 22:30:00",38141.738
"2005-01-06 23:30:00",35597.481
"2005-01-07 00:30:00",31792.418
"2005-01-07 01:30:00",28448.589
"2005-01-07 02:30:00",26367.854
"2005-01-07 03:30:00",23087.896
"2005-01-07 04:30:00",21508.494
"2005-01-07 05:30:00",20063.59
"2005-01-07 06:30:00",20411.716
"2005-01-07 07:30:00",24864.673
"2005-01-07 08:30:00",42038.144
"2005-01-07 09:30:00",55457.757
"2005-01-07 10:30:00",60748
"2005-01-07 11:30:00",67098.495
"2005-01-07 12:30:00",68015.165
"2005-01-07 13:30:00",70865.531
"2005-01-07 14:30:00",70719.964
"2005-01-07 15:30:00",63011.88
"2005-01-07 16:30:00",51604.325
"2005-01-07 17:30:00",44103.827
"2005-01-07 18:30:00",41607.807
"2005-01-07 19:30:00",41004.426
"2005-01-07 20:30:00",40550.415
"2005-01-07 21:30:00",40956.741
"2005-01-07 22:30:00",38546.734
"2005-01-07 23:30:00",36440.859
"2005-01-08 00:30:00",34790
"2005-01-08 01:30:00",32128.139
"2005-01-08 02:30:00",30236.031
"2005-01-08 03:30:00",27345.855
"2005-01-08 04:30:00",24921.495
"2005-01-08 05:30:00",22680.415
"2005-01-08 06:30:00",21741.234
"2005-01-08 07:30:00",21444.687
"2005-01-08 08:30:00",22939.257
"2005-01-08 09:30:00",26122.281
"2005-01-08 10:30:00",29728.82
"2005-01-08 11:30:00",33702.908
"2005-01-08 12:30:00",35258.433
"2005-01-08 13:30:00",37460.551
"2005-01-08 14:30:00",39637.482
"2005-01-08 15:30:00",40900.252
"2005-01-08 16:30:00",40550
"2005-01-08 17:30:00",40380.342
"2005-01-08 18:30:00",40032.159
"2005-01-08 19:30:00",40349.412
"2005-01-08 20:30:00",38902.108
"2005-01-08 21:30:00",40225
"2005-01-08 22:30:00",38955.145
"2005-01-08 23:30:00",35681.537
"2005-01-09 00:30:00",34216.795
"2005-01-09 01:30:00",32224.923
"2005-01-09 02:30:00",29815.934
"2005-01-09 03:30:00",28167.133
"2005-01-09 04:30:00",26203.648
"2005-01-09 05:30:00",24066.743
"2005-01-09 06:30:00",23397.901
"2005-01-09 07:30:00",23111.603
"2005-01-09 08:30:00",23747.755
"2005-01-09 09:30:00",26277.73
"2005-01-09 10:30:00",30809.66
"2005-01-09 11:30:00",34010.483
"2005-01-09 12:30:00",37324.724
"2005-01-09 13:30:00",40785.34
"2005-01-09 14:30:00",43454.434
"2005-01-09 15:30:00",45943.661
"2005-01-09 16:30:00",48492.247
"2005-01-09 17:30:00",46261
"2005-01-09 18:30:00",46770.491
"2005-01-09 19:30:00",44970.613
"2005-01-09 20:30:00",47440.082
"2005-01-09 21:30:00",44408.394
"2005-01-09 22:30:00",43246.698
"2005-01-09 23:30:00",40382.484
"2005-01-10 00:30:00",37690.531
"2005-01-10 01:30:00",35836.879
"2005-01-10 02:30:00",30440.058
"2005-01-10 03:30:00",27988.312
"2005-01-10 04:30:00",24342.043
"2005-01-10 05:30:00",24663.893
"2005-01-10 06:30:00",24693.199
"2005-01-10 07:30:00",29764.596
"2005-01-10 08:30:00",51098.782
"2005-01-10 09:30:00",65434.839
"2005-01-10 10:30:00",75500.24
"2005-01-10 11:30:00",80879.43
"2005-01-10 12:30:00",82928.162
"2005-01-10 13:30:00",86484.114
"2005-01-10 14:30:00",84129.683
"2005-01-10 15:30:00",80838.75
"2005-01-10 16:30:00",69806.62
"2005-01-10 17:30:00",60442.302
"2005-01-10 18:30:00",57893.216
"2005-01-10 19:30:00",55520.532
"2005-01-10 20:30:00",52585.443
"2005-01-10 21:30:00",49760.123
"2005-01-10 22:30:00",48224.39
"2005-01-10 23:30:00",45987.511
"2005-01-11 00:30:00",41514.941
"2005-01-11 01:30:00",37703.548
"2005-01-11 02:30:00",34145.769
"2005-01-11 03:30:00",31531.413
"2005-01-11 04:30:00",28465.984
"2005-01-11 05:30:00",27146.78
"2005-01-11 06:30:00",27335.194
"2005-01-11 07:30:00",33151.088
"2005-01-11 08:30:00",51936.668
"2005-01-11 09:30:00",68482.557
"2005-01-11 10:30:00",75787.576
"2005-01-11 11:30:00",83365.344
"2005-01-11 12:30:00",84502.522
"2005-01-11 13:30:00",87032.397
"2005-01-11 14:30:00",88326.351
"2005-01-11 15:30:00",83532.089
"2005-01-11 16:30:00",70753.798
"2005-01-11 17:30:00",63151.965
"2005-01-11 18:30:00",60456.745
"2005-01-11 19:30:00",57841.067
"2005-01-11 20:30:00",54575.089
"2005-01-11 21:30:00",51863.713
"2005-01-11 22:30:00",49946.726
"2005-01-11 23:30:00",47080.881
"2005-01-12 00:30:00",41783.499
"2005-01-12 01:30:00",37975.983
"2005-01-12 02:30:00",33167.958
"2005-01-12 03:30:00",30038.487
"2005-01-12 04:30:00",27638.989
"2005-01-12 05:30:00",26282.537
"2005-01-12 06:30:00",25804.474
"2005-01-12 07:30:00",31381.88
"2005-01-12 08:30:00",51816.207
"2005-01-12 09:30:00",66859.085
"2005-01-12 10:30:00",77189.127
"2005-01-12 11:30:00",82692.425
"2005-01-12 12:30:00",81659.91
"2005-01-12 13:30:00",86444.363
"2005-01-12 14:30:00",82859.11
"2005-01-12 15:30:00",77384.708
"2005-01-12 16:30:00",67721.783
"2005-01-12 17:30:00",60678.97
"2005-01-12 18:30:00",57547.755
"2005-01-12 19:30:00",55569.386
"2005-01-12 20:30:00",53176.342
"2005-01-12 21:30:00",50684.455
"2005-01-12 22:30:00",50346.594
"2005-01-12 23:30:00",47423.552
"2005-01-13 00:30:00",40776.992
"2005-01-13 01:30:00",36440.929
"2005-01-13 02:30:00",32896.34
"2005-01-13 03:30:00",30102.557
"2005-01-13 04:30:00",27515.388
"2005-01-13 05:30:00",26094.477
"2005-01-13 06:30:00",27032.69
"2005-01-13 07:30:00",32997.09
"2005-01-13 08:30:00",53806.518
"2005-01-13 09:30:00",68904.885
"2005-01-13 10:30:00",76661
"2005-01-13 11:30:00",82263.873
"2005-01-13 12:30:00",81962.436
"2005-01-13 13:30:00",85987
"2005-01-13 14:30:00",88519.821
"2005-01-13 15:30:00",79226.449
"2005-01-13 16:30:00",67510
"2005-01-13 17:30:00",57696.836
"2005-01-13 18:30:00",54627.957
"2005-01-13 19:30:00",53143.33
"2005-01-13 20:30:00",51379.964
"2005-01-13 21:30:00",49175.221
"2005-01-13 22:30:00",45505.509
"2005-01-13 23:30:00",42858.76
"2005-01-14 00:30:00",41231.216
"2005-01-14 01:30:00",36984.837
"2005-01-14 02:30:00",32155.105
"2005-01-14 03:30:00",28955.142
"2005-01-14 04:30:00",26034.376
"2005-01-14 05:30:00",24392.796
"2005-01-14 06:30:00",24334.843
"2005-01-14 07:30:00",29914.207
"2005-01-14 08:30:00",51495.863
"2005-01-14 09:30:00",67809.503
"2005-01-14 10:30:00",75192
"2005-01-14 11:30:00",78875.741
"2005-01-14 12:30:00",76366
"2005-01-14 13:30:00",83394.877
"2005-01-14 14:30:00",82946.587
"2005-01-14 15:30:00",76679.613
"2005-01-14 16:30:00",64796.916
"2005-01-14 17:30:00",56124.693
"2005-01-14 18:30:00",53280.228
"2005-01-14 19:30:00",48221.629
"2005-01-14 20:30:00",46033.793
"2005-01-14 21:30:00",45625.539
"2005-01-14 22:30:00",44094.722
"2005-01-14 23:30:00",41101.212
"2005-01-15 00:30:00",39541.822
"2005-01-15 01:30:00",36369.953
"2005-01-15 02:30:00",32676.867
"2005-01-15 03:30:00",30031.226
"2005-01-15 04:30:00",26716.3
"2005-01-15 05:30:00",24675.882
"2005-01-15 06:30:00",24103
"2005-01-15 07:30:00",25035.907
"2005-01-15 08:30:00",26755.64
"2005-01-15 09:30:00",29912.323
"2005-01-15 10:30:00",34991.435
"2005-01-15 11:30:00",39918.805
"2005-01-15 12:30:00",43022.172
"2005-01-15 13:30:00",46200.303
"2005-01-15 14:30:00",48614.998
"2005-01-15 15:30:00",48804
"2005-01-15 16:30:00",47338.928
"2005-01-15 17:30:00",47443.242
"2005-01-15 18:30:00",48256.288
"2005-01-15 19:30:00",46432.606
"2005-01-15 20:30:00",44573.049
"2005-01-15 21:30:00",44424.943
"2005-01-15 22:30:00",42881.47
"2005-01-15 23:30:00",42708.612
"2005-01-16 00:30:00",41804.792
"2005-01-16 01:30:00",38624.961
"2005-01-16 02:30:00",35508.176
"2005-01-16 03:30:00",31981.714
"2005-01-16 04:30:00",29676.683
"2005-01-16 05:30:00",27855.241
"2005-01-16 06:30:00",25890.291
"2005-01-16 07:30:00",25271.115
"2005-01-16 08:30:00",25763.44
"2005-01-16 09:30:00",29307.437
"2005-01-16 10:30:00",35653.139
"2005-01-16 11:30:00",40418.776
"2005-01-16 12:30:00",44502.169
"2005-01-16 13:30:00",48511.75
"2005-01-16 14:30:00",51597.435
"2005-01-16 15:30:00",52835.384
"2005-01-16 16:30:00",54001.436
"2005-01-16 17:30:00",52162.66
"2005-01-16 18:30:00",51823.495
"2005-01-16 19:30:00",49528.352
"2005-01-16 20:30:00",48228.811
"2005-01-16 21:30:00",46465.78
"2005-01-16 22:30:00",45900.697
"2005-01-16 23:30:00",43597.901
"2005-01-17 00:30:00",39031.181
"2005-01-17 01:30:00",33858.064
"2005-01-17 02:30:00",30378.535
"2005-01-17 03:30:00",27570.667
"2005-01-17 04:30:00",24791.568
"2005-01-17 05:30:00",23937.978
"2005-01-17 06:30:00",25371.364
"2005-01-17 07:30:00",31794.255
"2005-01-17 08:30:00",53095.115
"2005-01-17 09:30:00",70836.868
"2005-01-17 10:30:00",80240.203
"2005-01-17 11:30:00",86194.282
"2005-01-17 12:30:00",88114.516
"2005-01-17 13:30:00",91497.415
"2005-01-17 14:30:00",91236.627
"2005-01-17 15:30:00",86146
"2005-01-17 16:30:00",75096.557
"2005-01-17 17:30:00",65621.994
"2005-01-17 18:30:00",61962.989
"2005-01-17 19:30:00",58191.774
"2005-01-17 20:30:00",55610.998
"2005-01-17 21:30:00",52916.798
"2005-01-17 22:30:00",51392.656
"2005-01-17 23:30:00",47291.624
"2005-01-18 00:30:00",44060
"2005-01-18 01:30:00",40101
"2005-01-18 02:30:00",36330.336
"2005-01-18 03:30:00",33388.683
"2005-01-18 04:30:00",30884.998
"2005-01-18 05:30:00",29121.567
"2005-01-18 06:30:00",28727.922
"2005-01-18 07:30:00",32877.664
"2005-01-18 08:30:00",52992.394
"2005-01-18 09:30:00",70739.936
"2005-01-18 10:30:00",79420.901
"2005-01-18 11:30:00",87514.441
"2005-01-18 12:30:00",89891.392
"2005-01-18 13:30:00",92363
"2005-01-18 14:30:00",89571.902
"2005-01-18 15:30:00",85473.407
"2005-01-18 16:30:00",77338.43
"2005-01-18 17:30:00",69810.495
"2005-01-18 18:30:00",66369.91
"2005-01-18 19:30:00",64685.894
"2005-01-18 20:30:00",60561.428
"2005-01-18 21:30:00",56976.181
"2005-01-18 22:30:00",55580.169
"2005-01-18 23:30:00",51060.461
"2005-01-19 00:30:00",45823.617
"2005-01-19 01:30:00",40641.572
"2005-01-19 02:30:00",36518.392
"2005-01-19 03:30:00",32445.851
"2005-01-19 04:30:00",30447.445
"2005-01-19 05:30:00",30336.597
"2005-01-19 06:30:00",30074.836
"2005-01-19 07:30:00",35615.377
"2005-01-19 08:30:00",56472.92
"2005-01-19 09:30:00",74758.278
"2005-01-19 10:30:00",80625.153
"2005-01-19 11:30:00",84952.953
"2005-01-19 12:30:00",85951.812
"2005-01-19 13:30:00",90552.315
"2005-01-19 14:30:00",90306.249
"2005-01-19 15:30:00",83041.814
"2005-01-19 16:30:00",76304.773
"2005-01-19 17:30:00",66001.098
"2005-01-19 18:30:00",62987.519
"2005-01-19 19:30:00",60288
"2005-01-19 20:30:00",57135.185
"2005-01-19 21:30:00",54699.21
"2005-01-19 22:30:00",52807.261
"2005-01-19 23:30:00",50730.914
"2005-01-20 00:30:00",46539.164
"2005-01-20 01:30:00",40666.338
"2005-01-20 02:30:00",34759.708
"2005-01-20 03:30:00",31370.575
"2005-01-20 04:30:00",29680
"2005-01-20 05:30:00",28741.325
"2005-01-20 06:30:00",28500.807
"2005-01-20 07:30:00",35317.737
"2005-01-20 08:30:00",55254.216
"2005-01-20 09:30:00",72645.523
"2005-01-20 10:30:00",80896.92
"2005-01-20 11:30:00",86851.622
"2005-01-20 12:30:00",87708.614
"2005-01-20 13:30:00",93628.165
"2005-01-20 14:30:00",91876.782
"2005-01-20 15:30:00",87007.913
"2005-01-20 16:30:00",75656.404
"2005-01-20 17:30:00",66156
"2005-01-20 18:30:00",62986.301
"2005-01-20 19:30:00",59824.653
"2005-01-20 20:30:00",57246.761
"2005-01-20 21:30:00",54641.566
"2005-01-20 22:30:00",53266.723
"2005-01-20 23:30:00",50580.132
"2005-01-21 00:30:00",45983.441
"2005-01-21 01:30:00",42238.828
"2005-01-21 02:30:00",38320.265
"2005-01-21 03:30:00",34378.552
"2005-01-21 04:30:00",31930.523
"2005-01-21 05:30:00",31510.425
"2005-01-21 06:30:00",30830.23
"2005-01-21 07:30:00",35902.669
"2005-01-21 08:30:00",55222.436
"2005-01-21 09:30:00",73560.819
"2005-01-21 10:30:00",80111
"2005-01-21 11:30:00",83003.728
"2005-01-21 12:30:00",81437.142
"2005-01-21 13:30:00",84477.901
"2005-01-21 14:30:00",83847.391
"2005-01-21 15:30:00",76707.985
"2005-01-21 16:30:00",63239.84
"2005-01-21 17:30:00",56832
"2005-01-21 18:30:00",56307.906
"2005-01-21 19:30:00",53412.412
"2005-01-21 20:30:00",50746.727
"2005-01-21 21:30:00",48662.291
"2005-01-21 22:30:00",48201.778
"2005-01-21 23:30:00",46673.46
"2005-01-22 00:30:00",44128.232
"2005-01-22 01:30:00",41771.587
"2005-01-22 02:30:00",37995.398
"2005-01-22 03:30:00",34546.829
"2005-01-22 04:30:00",32936.932
"2005-01-22 05:30:00",30847.34
"2005-01-22 06:30:00",29459.922
"2005-01-22 07:30:00",29911.553
"2005-01-22 08:30:00",31444.827
"2005-01-22 09:30:00",35694.522
"2005-01-22 10:30:00",39791.496
"2005-01-22 11:30:00",42715.049
"2005-01-22 12:30:00",47104.109
"2005-01-22 13:30:00",49775.49
"2005-01-22 14:30:00",52201.753
"2005-01-22 15:30:00",54156.064
"2005-01-22 16:30:00",52505.793
"2005-01-22 17:30:00",52525.488
"2005-01-22 18:30:00",52706.984
"2005-01-22 19:30:00",52141.709
"2005-01-22 20:30:00",50541.782
"2005-01-22 21:30:00",49768.606
"2005-01-22 22:30:00",48578.744
"2005-01-22 23:30:00",47224.947
"2005-01-23 00:30:00",44891.579
"2005-01-23 01:30:00",42296.246
"2005-01-23 02:30:00",39147.617
"2005-01-23 03:30:00",36170.345
"2005-01-23 04:30:00",33863.084
"2005-01-23 05:30:00",32177.069
"2005-01-23 06:30:00",29927.823
"2005-01-23 07:30:00",28949.303
"2005-01-23 08:30:00",30533.191
"2005-01-23 09:30:00",33938.943
"2005-01-23 10:30:00",38569.109
"2005-01-23 11:30:00",43021.251
"2005-01-23 12:30:00",46883.178
"2005-01-23 13:30:00",51258.825
"2005-01-23 14:30:00",54241.936
"2005-01-23 15:30:00",54742.083
"2005-01-23 16:30:00",55396.632
"2005-01-23 17:30:00",53526.387
"2005-01-23 18:30:00",53737.436
"2005-01-23 19:30:00",52364.534
"2005-01-23 20:30:00",50889.499
"2005-01-23 21:30:00",50394.978
"2005-01-23 22:30:00",48893.249
"2005-01-23 23:30:00",48200.209
"2005-01-24 00:30:00",43254.819
"2005-01-24 01:30:00",38513.932
"2005-01-24 02:30:00",34113.201
"2005-01-24 03:30:00",30901.903
"2005-01-24 04:30:00",28659.359
"2005-01-24 05:30:00",27662.765
"2005-01-24 06:30:00",28239.083
"2005-01-24 07:30:00",35152.381
"2005-01-24 08:30:00",57627.265
"2005-01-24 09:30:00",74043
"2005-01-24 10:30:00",83177.85
"2005-01-24 11:30:00",86441.465
"2005-01-24 12:30:00",90771.491
"2005-01-24 13:30:00",93503.762
"2005-01-24 14:30:00",94055.128
"2005-01-24 15:30:00",84533.217
"2005-01-24 16:30:00",74003.642
"2005-01-24 17:30:00",67839.875
"2005-01-24 18:30:00",64746.797
"2005-01-24 19:30:00",61105.399
"2005-01-24 20:30:00",56881.734
"2005-01-24 21:30:00",54417.114
"2005-01-24 22:30:00",50811.084
"2005-01-24 23:30:00",48799.573
"2005-01-25 00:30:00",43701.249
"2005-01-25 01:30:00",39242.844
"2005-01-25 02:30:00",33689.358
"2005-01-25 03:30:00",30857.868
"2005-01-25 04:30:00",28019.671
"2005-01-25 05:30:00",27811.404
"2005-01-25 06:30:00",25677.458
"2005-01-25 07:30:00",31652.845
"2005-01-25 08:30:00",55886.455
"2005-01-25 09:30:00",75961.847
"2005-01-25 10:30:00",86750.998
"2005-01-25 11:30:00",91419.251
"2005-01-25 12:30:00",91405.351
"2005-01-25 13:30:00",93611
"2005-01-25 14:30:00",92109.633
"2005-01-25 15:30:00",85801
"2005-01-25 16:30:00",73586.831
"2005-01-25 17:30:00",66479.546
"2005-01-25 18:30:00",64222.127
"2005-01-25 19:30:00",59882.861
"2005-01-25 20:30:00",58759.423
"2005-01-25 21:30:00",55576.268
"2005-01-25 22:30:00",52467.44
"2005-01-25 23:30:00",51906.903
"2005-01-26 00:30:00",45798.844
"2005-01-26 01:30:00",39859.975
"2005-01-26 02:30:00",36084.291
"2005-01-26 03:30:00",33738.884
"2005-01-26 04:30:00",31012
"2005-01-26 05:30:00",29885.24
"2005-01-26 06:30:00",29657.876
"2005-01-26 07:30:00",37131.056
"2005-01-26 08:30:00",58456.42
"2005-01-26 09:30:00",74677.392
"2005-01-26 10:30:00",82707.285
"2005-01-26 11:30:00",89276.981
"2005-01-26 12:30:00",90175.823
"2005-01-26 13:30:00",91528.348
"2005-01-26 14:30:00",91017.869
"2005-01-26 15:30:00",84649.386
"2005-01-26 16:30:00",74295.328
"2005-01-26 17:30:00",66221.125
"2005-01-26 18:30:00",62229.943
"2005-01-26 19:30:00",61476.545
"2005-01-26 20:30:00",55868.574
"2005-01-26 21:30:00",52286.636
"2005-01-26 22:30:00",51672.988
"2005-01-26 23:30:00",50108.482
"2005-01-27 00:30:00",44081.16
"2005-01-27 01:30:00",39639.392
"2005-01-27 02:30:00",34403
"2005-01-27 03:30:00",30900.856
"2005-01-27 04:30:00",28875.908
"2005-01-27 05:30:00",27760.294
"2005-01-27 06:30:00",27790.878
"2005-01-27 07:30:00",34913.459
"2005-01-27 08:30:00",57116.824
"2005-01-27 09:30:00",72690.784

Internet traffic data (in bits) from an ISP. Aggregated traffic in the United Kingdom academic network backbone. It was collected between 19 November 2004, at 09:30 hours and 27 January 2005, at 11:11 hours. Hourly data

